"u_parent_asset","name","asset_tag","serial_number","location","u_building","u_room","po_number","u_scheduled_retirement"
"","C009517","","19304010559408","VIHA-SPH-Saanich Peninsula Hospital-Main Building","Main","","",""
"","C009515","","19304010561257","VIHA-SPH-Saanich Peninsula Hospital-Main Building","Main","","",""
"","C018455","","m1u59e30f","","","","",""
"","C009519","","19304010559361","VIHA-SPH-Saanich Peninsula Hospital-Main Building","Main","","",""
"","C018472","","m1u59f83w","","","","",""
"","C009525","","19303010559215","VIHA-SPH-Saanich Peninsula Hospital-Main Building","Main","","",""
"","C008489","","20200010552735","VIHA-NRGH-Nanaimo Regional General Hospital-Main Building-2nd Floor","","","",""
"","c018460","","m1u59e33p","","","","",""
"","C009513","","19304010559324","VIHA-SPH-Saanich Peninsula Hospital-Main Building","Main","","",""
"","C009510","","19304010559197","VIHA-SPH-Saanich Peninsula Hospital-Main Building","SPH-Main","","",""
"","C018470","","m1u59e35w","","","","",""
"","C018468","","m1u59e40f","","","","",""
"","166242","","24306010560186","VIHA-RJH-Royal Jubilee Hospital-Administrative Building-Basement 1","Administrative Building","","",""
"","C018515","","m1u59c71e","","","","",""
"","C018513","","m1u59e33u","","","","",""
"","C009516","","19304010559159","VIHA-SPH-Saanich Peninsula Hospital-Main Building","Main","","",""
"","C018456","","m1u59e41g","","","","",""
"","C009509","","19304010559307","VIHA-SPH-Saanich Peninsula Hospital-Main Building","SPH-Main","","",""
"","C018454","","m1u58r76e","","","","",""
"","C009518","","19303010559190","VIHA-SPH-Saanich Peninsula Hospital-Main Building","Main","","",""
"","C018471","","m1u59f78a","","","","",""
"","166236","","24306010560218","VIHA-RJH-Royal Jubilee Hospital-Administrative Building-Basement 1","Administrative Building","","",""
"","C009523","","19303010559228","VIHA-SPH-Saanich Peninsula Hospital-Main Building","Main","","",""
"","166239","","24306010560250","VIHA-RJH-Royal Jubilee Hospital-Administrative Building-Basement 1","Administrative Building","","",""
"AO005056-CRT","AO005056-SCN","","24306010553238","VIHA-CDH-Cowichan District Hospital-Main Building-3rd Floor","Main Building","3S (Hallway East)","",""
"","166241","","24306010560176","VIHA-RJH-Royal Jubilee Hospital-Administrative Building-Basement 1","Administrative Building","","",""
"","166243","","24306010560113","VIHA-RJH-Royal Jubilee Hospital-Administrative Building-Basement 1","Administrative Building","","",""
"","C009511","","19303010559189","VIHA-SPH-Saanich Peninsula Hospital-Main Building","SPH-Main","","",""
"","C010509","","","","","","",""
"","C018469","","m1u59c73y","","","","",""
"","166207","166207","24306010560331","VIHA-VGH-Victoria General Hospital-Main Building-2nd Floor","Main Building","2564","",""
"","166215","166215","TXK0819629","VIHA-RJH-Royal Jubilee Hospital-West Block-3rd Floor","Westblock","WB318","",""
"","166260","166215","24271010553674","VIHA-RJH-Royal Jubilee Hospital-Memorial Pavilion-3rd Floor","Memorial Pavilion","KW312","",""
"","166216","166216","TXK0820207","VIHA-RJH-Royal Jubilee Hospital-West Block-3rd Floor","Westblock","WB318","",""
"","166261","166216","22091010550491","VIHA-RJH-Royal Jubilee Hospital-Memorial Pavilion-3rd Floor","Memorial Pavilion","KW312","",""
"","166217","166217","TXK0820127","VIHA-RJH-Royal Jubilee Hospital-West Block-3rd Floor","Westblock","WB318","",""
"","166262","166217","22089010557267","VIHA-RJH-Royal Jubilee Hospital-Memorial Pavilion-3rd Floor","Memorial Pavilion","KW312","",""
"","166218","166218","TXK0820199","VIHA-RJH-Royal Jubilee Hospital-West Block-3rd Floor","Westblock","WB318","",""
"","166263","166218","22090010561201","VIHA-RJH-Royal Jubilee Hospital-Memorial Pavilion-3rd Floor","Memorial Pavilion","KW312","",""
"","166219","166219","TXK0819408","VIHA-RJH-Royal Jubilee Hospital-West Block-3rd Floor","Westblock","WB318","",""
"","166264","166219","24244010551728","VIHA-RJH-Royal Jubilee Hospital-Memorial Pavilion-3rd Floor","Memorial Pavilion","KW312","",""
"","166265","166220","22091010550693","VIHA-RJH-Royal Jubilee Hospital-Memorial Pavilion-3rd Floor","Memorial Pavilion","KW312","",""
"","166220","166220","TXK0820262","VIHA-RJH-Royal Jubilee Hospital-West Block-3rd Floor","Westblock","WB318","",""
"","166221","166221","TXK0820125","VIHA-RJH-Royal Jubilee Hospital-West Block-3rd Floor","Westblock","WB318","",""
"","166266","166221","22091010550699","VIHA-RJH-Royal Jubilee Hospital-Memorial Pavilion-3rd Floor","Memorial Pavilion","KW312","",""
"","166222","166222","TXK0819626","VIHA-RJH-Royal Jubilee Hospital-West Block-3rd Floor","Westblock","WB318","",""
"","166267","166222","24244010551652","VIHA-RJH-Royal Jubilee Hospital-Memorial Pavilion-3rd Floor","Memorial Pavilion","KW312","",""
"","166223","166223","TXK0819631","VIHA-RJH-Royal Jubilee Hospital-West Block-3rd Floor","Westblock","WB318","",""
"","166224","166224","TXK0819628","VIHA-RJH-Royal Jubilee Hospital-West Block-3rd Floor","Westblock","WB318","",""
"","166233","166233","24306010560172","VIHA-RJH-Royal Jubilee Hospital-Memorial Pavilion-3rd Floor","Memorial Pavillion","KW315","",""
"","166234","166234","24306010560158","VIHA-VGH-Victoria General Hospital-Main Building-4th Floor","Main Building ","N444","",""
"","166235","166235","24306010560234","VIHA-VGH-Victoria General Hospital-Main Building-4th Floor","Main Building","N444","",""
"","166237","166237","24306010560226","VIHA-VGH-Victoria General Hospital-Main Building-4th Floor","Main Building","N444","",""
"","166238","166238","24307010550392","VIHA-VGH-Victoria General Hospital-Main Building-7th Floor","South Tower","S741","",""
"","166374","166374","25006010553311","VIHA-RJH-Royal Jubilee Hospital-Diagnostic & Treatment-5th Floor","Diagnostic & Treatment","Conference Room","",""
"","166375","166375","25006010553320","VIHA-RJH-Royal Jubilee Hospital-Diagnostic & Treatment-5th Floor","Diagnostic & Treatment","Conference Room","",""
"","166384","166384","25036010551223","VIHA-VGH-Victoria General Hospital-Main Building-3rd Floor","Main","3704","",""
"","166387","166387","24345010557510","VIHA-RJH-Royal Jubilee Hospital-Eric Martin Pavilion-4th Floor","Eric Martin Pavilion","415","",""
"","166390","166390","24345010557489","VIHA-RJH-Royal Jubilee Hospital-Diagnostic & Treatment-3rd Floor","D&T","DT3208","",""
"","166391","166391","24345010557494","VIHA-RJH-Royal Jubilee Hospital-Diagnostic & Treatment-3rd Floor","D&T","DT3208","",""
"","166392","166392","24345010557349","VIHA-RJH-Royal Jubilee Hospital-Patient Care Center-3rd Floor","PACU","","",""
"","166393","166393","24345010557371","VIHA-RJH-Royal Jubilee Hospital-Patient Care Center-3rd Floor","PACU","","",""
"","166394","166394","25058010554825","VIHA-RJH-Royal Jubilee Hospital-Memorial Pavilion-3rd Floor","Memorial Pavilion","KW312","",""
"","166405","166405","24270010561677","VIHA-RJH-Royal Jubilee Hospital-Diagnostic & Treatment-2nd Floor","Diagnostic & Treatment","","",""
"","166406","166406","24269010551730","VIHA-RJH-Royal Jubilee Hospital-Memorial Pavilion-3rd Floor","Memorial Pavillion","KW315","",""
"AO005610-CRT","AO005610-SCN","1978917-0069-SCN","1978917-0069-SCN","VIHA-GVHF-Victoria Hospitals Foundation","","","DMND0004854",""
"AO005671-CRT","AO005671-SCN","1978917-0071-SCN","1978917-0071-SCN","VIHA-GVHF-Victoria Hospitals Foundation","","","DMND0004854",""
"AO005570-CRT","AO005570-SCN","1978917-0072-SCN","1978917-0072-SCN","VIHA-RJH-Royal Jubilee Hospital","","","DMND0004854",""
"AO005653-CRT","AO005653-SCN","1978917-0077-SCN","1978917-0077-SCN","VIHA-GVHF-Victoria Hospitals Foundation","","","DMND0004854",""
"AO005576-CRT","AO005576-SCN","1978917-0080-SCN","1978917-0080-SCN","VIHA-RJH-Royal Jubilee Hospital","","","DMND0004854",""
"AO005644-CRT","AO005644-SCN","1978917-0102-SCN","1978917-0102-SCN","VIHA-RJH-Royal Jubilee Hospital-Diagnostic & Treatment-1st Floor","","","DMND0004854",""
"AO005571-CRT","AO005571-SCN","1979619-0007-SCN","1979619-0007-SCN","VIHA-RJH-Royal Jubilee Hospital-Diagnostic & Treatment-2nd Floor","","","DMND0004854",""
"AO005552-CRT","AO005552-SCN","1979619-0009-SCN","1979619-0009-SCN","VIHA-GVHF-Victoria Hospitals Foundation","","","DMND0004854",""
"AO005616-CRT","AO005616-SCN","1979619-0010-SCN","1979619-0010-SCN","VIHA-GVHF-Victoria Hospitals Foundation","","","DMND0004854",""
"AO005585-CRT","AO005585-SCN","1991052-0011-SCN","1991052-0011-SCN","VIHA-RJH-Royal Jubilee Hospital-Diagnostic & Treatment-3rd Floor","","","DMND0004854",""
"AO005611-CRT","AO005611-SCN","1991052-0012-SCN","1991052-0012-SCN","VIHA-RJH-Royal Jubilee Hospital","","","DMND0004854",""
"AO005590-CRT","AO005590-SCN","1991510-0006-SCN","1991510-0006-SCN","VIHA-RJH-Royal Jubilee Hospital","","","DMND0004854",""
"AO005615-CRT","AO005615-SCN","1991510-0008-SCN","1991510-0008-SCN","VIHA-GVHF-Victoria Hospitals Foundation","","","DMND0004854",""
"AO005660-CRT","AO005660-SCN","1991510-0075-SCN","1991510-0075-SCN","VIHA-RJH-Royal Jubilee Hospital-Patient Care Center-5th Floor","","","DMND0004854",""
"AO005555-CRT","AO005555-SCN","1991510-0076-SCN","1991510-0076-SCN","VIHA-GVHF-Victoria Hospitals Foundation","","","DMND0004854",""
"AO005612-CRT","AO005612-SCN","1991510-0077-SCN","1991510-0077-SCN","VIHA-RJH-Royal Jubilee Hospital-Patient Care Center-5th Floor","","","DMND0004854",""
"AO005669-CRT","AO005669-SCN","1991510-0078-SCN","1991510-0078-SCN","VIHA-GVHF-Victoria Hospitals Foundation","","","DMND0004854",""
"AO005633-CRT","AO005633-SCN","1991510-0081-SCN","1991510-0081-SCN","VIHA-GVHF-Victoria Hospitals Foundation","","","DMND0004854",""
"AO005607-CRT","AO005607-SCN","1991510-0090-SCN","1991510-0090-SCN","VIHA-RJH-Royal Jubilee Hospital-Diagnostic & Treatment-1st Floor","","","DMND0004854",""
"AO005567-CRT","AO005567-SCN","1991510-0091-SCN","1991510-0091-SCN","VIHA-RJH-Royal Jubilee Hospital-Diagnostic & Treatment-1st Floor","","","DMND0004854",""
"AO005645-CRT","AO005645-SCN","1991510-0101-SCN","1991510-0101-SCN","VIHA-CDH-Cowichan District Hospital-Main Building-1st Floor","","1128 (Hallway)","DMND0004854",""
"AO005659-CRT","AO005659-SCN","1991510-0102-SCN","1991510-0102-SCN","VIHA-RJH-Royal Jubilee Hospital-Patient Care Center-2nd Floor","","","DMND0004854",""
"AO005667-CRT","AO005667-SCN","1991510-0105-SCN","1991510-0105-SCN","VIHA-RJH-Royal Jubilee Hospital-Patient Care Center-2nd Floor","","","DMND0004854",""
"AO005580-CRT","AO005580-SCN","1991510-0106-SCN","1991510-0106-SCN","VIHA-RJH-Royal Jubilee Hospital-Diagnostic & Treatment-1st Floor","","","DMND0004854",""
"AO005648-CRT","AO005648-SCN","2010504-0069-SCN","2010504-0069-SCN","VIHA-VGH-Victoria General Hospital-Main Building-2nd Floor","","","DMND0004854",""
"AO005561-CRT","AO005561-SCN","2010504-0071-SCN","2010504-0071-SCN","VIHA-VGH-Victoria General Hospital-Main Building-2nd Floor","","","DMND0004854",""
"AO005591-CRT","AO005591-SCN","2011734-0001-SCN","2011734-0001-SCN","VIHA-GVHF-Victoria Hospitals Foundation","","","DMND0004854",""
"AO005668-CRT","AO005668-SCN","2011734-0042-SCN","2011734-0042-SCN","VIHA-GVHF-Victoria Hospitals Foundation","","","DMND0004854",""
"AO005568-CRT","AO005568-SCN","2011734-0090-SCN","2011734-0090-SCN","VIHA-RJH-Royal Jubilee Hospital-Diagnostic & Treatment-1st Floor","","","DMND0004854",""
"AO005619-CRT","AO005619-SCN","2011734-0091-SCN","2011734-0091-SCN","VIHA-RJH-Royal Jubilee Hospital-Diagnostic & Treatment-1st Floor","","","DMND0004854",""
"AO005579-CRT","AO005579-SCN","2011734-0092-SCN","2011734-0092-SCN","VIHA-RJH-Royal Jubilee Hospital-Royal Jubilee Main-1st Floor","","","DMND0004854",""
"AO005586-CRT","AO005586-SCN","2011734-0093-SCN","2011734-0093-SCN","VIHA-RJH-Royal Jubilee Hospital","","","DMND0004854",""
"AO005609-CRT","AO005609-SCN","2011734-0094-SCN","2011734-0094-SCN","VIHA-RJH-Royal Jubilee Hospital-Diagnostic & Treatment-5th Floor","","","DMND0004854",""
"AO005557-CRT","AO005557-SCN","2011734-0095-SCN","2011734-0095-SCN","VIHA-RJH-Royal Jubilee Hospital-Patient Care Center-5th Floor","","","DMND0004854",""
"AO005640-CRT","AO005640-SCN","2011734-0096-SCN","2011734-0096-SCN","VIHA-RJH-Royal Jubilee Hospital-Patient Care Center-2nd Floor","","","DMND0004854",""
"AO005554-CRT","AO005554-SCN","2011734-0097-SCN","2011734-0097-SCN","VIHA-GVHF-Victoria Hospitals Foundation","","","DMND0004854",""
"AO005596-CRT","AO005596-SCN","2011734-0100-SCN","2011734-0100-SCN","VIHA-VGH-Victoria General Hospital-Main Building-2nd Floor","","","DMND0004854",""
"AO005556-CRT","AO005556-SCN","2011734-0101-SCN","2011734-0101-SCN","VIHA-GVHF-Victoria Hospitals Foundation","","","DMND0004854",""
"AO005658-CRT","AO005658-SCN","2011734-0102-SCN","2011734-0102-SCN","VIHA-RJH-Royal Jubilee Hospital","","","DMND0004854",""
"AO005608-CRT","AO005608-SCN","2011734-0104-SCN","2011734-0104-SCN","VIHA-RJH-Royal Jubilee Hospital-Diagnostic & Treatment-1st Floor","","","DMND0004854",""
"AO005629-CRT","AO005629-SCN","2011734-0105-SCN","2011734-0105-SCN","VIHA-GVHF-Victoria Hospitals Foundation","","","DMND0004854",""
"AO005672-CRT","AO005672-SCN","2011734-0106-SCN","2011734-0106-SCN","VIHA-RJH-Royal Jubilee Hospital-Patient Care Center-5th Floor","","","DMND0004854",""
"AO005575-CRT","AO005575-SCN","2011734-0107-SCN","2011734-0107-SCN","VIHA-RJH-Royal Jubilee Hospital-Diagnostic & Treatment-3rd Floor","","","DMND0004854",""
"AO005582-CRT","AO005582-SCN","2011734-0108-SCN","2011734-0108-SCN","VIHA-RJH-Royal Jubilee Hospital-Diagnostic & Treatment-1st Floor","","","DMND0004854",""
"AO005652-CRT","AO005652-SCN","2011734-0109-SCN","2011734-0109-SCN","VIHA-VGH-Victoria General Hospital-Main Building-2nd Floor","","","DMND0004854",""
"AO005649-CRT","AO005649-SCN","2013547-0115-SCN","2013547-0115-SCN","VIHA-VGH-Victoria General Hospital-Main Building-3rd Floor","","","DMND0004854",""
"AO005651-CRT","AO005651-SCN","2013610-0018-SCN","2013610-0018-SCN","VIHA-GVHF-Victoria Hospitals Foundation","","","DMND0004854",""
"AO005599-CRT","AO005599-SCN","2013610-0019-SCN","2013610-0019-SCN","VIHA-RJH-Royal Jubilee Hospital-Diagnostic & Treatment-1st Floor","","","DMND0004854",""
"AO005664-CRT","AO005664-SCN","2013610-0020-SCN","2013610-0020-SCN","VIHA-RJH-Royal Jubilee Hospital-Patient Care Center-5th Floor","","","DMND0004854",""
"AO005661-CRT","AO005661-SCN","2013610-0021-SCN","2013610-0021-SCN","VIHA-GVHF-Victoria Hospitals Foundation","","","DMND0004854",""
"AO005573-CRT","AO005573-SCN","2013610-0022-SCN","2013610-0022-SCN","VIHA-GVHF-Victoria Hospitals Foundation","","","DMND0004854",""
"AO005548-CRT","AO005548-SCN","2013610-0023-SCN","2013610-0023-SCN","VIHA-CDH-Cowichan District Hospital-Main Building-3rd Floor","","","DMND0004854",""
"AO005624-CRT","AO005624-SCN","2013610-0024-SCN","2013610-0024-SCN","VIHA-RJH-Royal Jubilee Hospital-Diagnostic & Treatment-1st Floor","","","DMND0004854",""
"AO005584-CRT","AO005584-SCN","2013610-0025-SCN","2013610-0025-SCN","VIHA-RJH-Royal Jubilee Hospital","","","DMND0004854",""
"AO005631-CRT","AO005631-SCN","2013610-0026-SCN","2013610-0026-SCN","VIHA-GVHF-Victoria Hospitals Foundation","","","DMND0004854",""
"AO005587-CRT","AO005587-SCN","2013610-0027-SCN","2013610-0027-SCN","VIHA-GVHF-Victoria Hospitals Foundation","","","DMND0004854",""
"AO005594-CRT","AO005594-SCN","2013610-0028-SCN","2013610-0028-SCN","VIHA-RJH-Royal Jubilee Hospital-Diagnostic & Treatment-1st Floor","","","DMND0004854",""
"AO005673-CRT","AO005673-SCN","2013610-0029-SCN","2013610-0029-SCN","VIHA-RJH-Royal Jubilee Hospital-Diagnostic & Treatment-1st Floor","","","DMND0004854",""
"AO005643-CRT","AO005643-SCN","2013610-0030-SCN","2013610-0030-SCN","VIHA-GVHF-Victoria Hospitals Foundation","","","DMND0004854",""
"AO005663-CRT","AO005663-SCN","2013610-0031-SCN","2013610-0031-SCN","VIHA-RJH-Royal Jubilee Hospital-Patient Care Center-5th Floor","","","DMND0004854",""
"AO005560-CRT","AO005560-SCN","2013610-0032-SCN","2013610-0032-SCN","VIHA-GVHF-Victoria Hospitals Foundation","","","DMND0004854",""
"AO005656-CRT","AO005656-SCN","2013610-0033-SCN","2013610-0033-SCN","VIHA-RJH-Royal Jubilee Hospital-Patient Care Center-3rd Floor","","","DMND0004854",""
"AO005592-CRT","AO005592-SCN","2013610-0034-SCN","2013610-0034-SCN","VIHA-RJH-Royal Jubilee Hospital-Diagnostic & Treatment-1st Floor","","","DMND0004854",""
"AO005636-CRT","AO005636-SCN","2013610-0035-SCN","2013610-0035-SCN","VIHA-GVHF-Victoria Hospitals Foundation","","","DMND0004854",""
"AO005635-CRT","AO005635-SCN","2013610-0036-SCN","2013610-0036-SCN","VIHA-RJH-Royal Jubilee Hospital-Diagnostic & Treatment-1st Floor","","","DMND0004854",""
"AO005606-CRT","AO005606-SCN","2013610-0037-SCN","2013610-0037-SCN","VIHA-RJH-Royal Jubilee Hospital-Diagnostic & Treatment-3rd Floor","","","DMND0004854",""
"AO005627-CRT","AO005627-SCN","2013610-0040-SCN","2013610-0040-SCN","VIHA-CDH-Cowichan District Hospital-Main Building-3rd Floor","","Rehabilitation","DMND0004854",""
"AO005650-CRT","AO005650-SCN","2013610-0041-SCN","2013610-0041-SCN","VIHA-GVHF-Victoria Hospitals Foundation","","","DMND0004854",""
"AO005655-CRT","AO005655-SCN","2013610-0042-SCN","2013610-0042-SCN","VIHA-GVHF-Victoria Hospitals Foundation","","","DMND0004854",""
"AO005657-CRT","AO005657-SCN","2013610-0043-SCN","2013610-0043-SCN","VIHA-VGH-Victoria General Hospital-Main Building-1st Floor","","","DMND0004854",""
"AO005620-CRT","AO005620-SCN","2013610-0044-SCN","2013610-0044-SCN","VIHA-CDH-Cowichan District Hospital-Main Building-1st Floor","Main Building","1118B (Education Room)","DMND0004854",""
"AO005598-CRT","AO005598-SCN","2013610-0045-SCN","2013610-0045-SCN","VIHA-GVHF-Victoria Hospitals Foundation","","","DMND0004854",""
"AO005628-CRT","AO005628-SCN","2014397-0001-SCN","2014397-0001-SCN","VIHA-RJH-Royal Jubilee Hospital-Patient Care Center-3rd Floor","","","DMND0004854",""
"AO005549-CRT","AO005549-SCN","2014397-0002-SCN","2014397-0002-SCN","VIHA-GVHF-Victoria Hospitals Foundation","","","DMND0004854",""
"AO005630-CRT","AO005630-SCN","2014397-0003-SCN","2014397-0003-SCN","VIHA-GVHF-Victoria Hospitals Foundation","","","DMND0004854",""
"AO005588-CRT","AO005588-SCN","2014397-0004-SCN","2014397-0004-SCN","VIHA-RJH-Royal Jubilee Hospital-Diagnostic & Treatment-1st Floor","","","DMND0004854",""
"AO005581-CRT","AO005581-SCN","2014397-0005-SCN","2014397-0005-SCN","VIHA-GVHF-Victoria Hospitals Foundation","","","DMND0004854",""
"AO005572-CRT","AO005572-SCN","2014397-0008-SCN","2014397-0008-SCN","VIHA-RJH-Royal Jubilee Hospital-Diagnostic & Treatment-5th Floor","","","DMND0004854",""
"AO005625-CRT","AO005625-SCN","2014397-0009-SCN","2014397-0009-SCN","VIHA-RJH-Royal Jubilee Hospital","","","DMND0004854",""
"AO005578-CRT","AO005578-SCN","2014397-0017-SCN","2014397-0017-SCN","VIHA-GVHF-Victoria Hospitals Foundation","","","DMND0004854",""
"AO005674-CRT","AO005674-SCN","2014397-0019-SCN","2014397-0019-SCN","VIHA-RJH-Royal Jubilee Hospital-Patient Care Center-2nd Floor","","","DMND0004854",""
"AO005553-CRT","AO005553-SCN","2014397-0024-SCN","2014397-0024-SCN","VIHA-GVHF-Victoria Hospitals Foundation","","","DMND0004854",""
"AO005638-CRT","AO005638-SCN","2014397-0025-SCN","2014397-0025-SCN","VIHA-RJH-Royal Jubilee Hospital-Patient Care Center-5th Floor","","","DMND0004854",""
"AO005618-CRT","AO005618-SCN","2014397-0026-SCN","2014397-0026-SCN","VIHA-RJH-Royal Jubilee Hospital-Diagnostic & Treatment-1st Floor","","","DMND0004854",""
"AO005666-CRT","AO005666-SCN","2014397-0027-SCN","2014397-0027-SCN","VIHA-GVHF-Victoria Hospitals Foundation","","","DMND0004854",""
"AO005564-CRT","AO005564-SCN","2014397-0028-SCN","2014397-0028-SCN","VIHA-GVHF-Victoria Hospitals Foundation","","","DMND0004854",""
"AO005634-CRT","AO005634-SCN","2014397-0030-SCN","2014397-0030-SCN","VIHA-RJH-Royal Jubilee Hospital-Diagnostic & Treatment-1st Floor","","","DMND0004854",""
"AO005558-CRT","AO005558-SCN","2014397-0031-SCN","2014397-0031-SCN","VIHA-GVHF-Victoria Hospitals Foundation","","","DMND0004854",""
"AO005642-CRT","AO005642-SCN","2014397-0032-SCN","2014397-0032-SCN","VIHA-GRH-Gorge Road Hospital-Main Building-3rd Floor","","","DMND0004854",""
"AO005550-CRT","AO005550-SCN","2014397-0033-SCN","2014397-0033-SCN","VIHA-VGH-Victoria General Hospital-Main Building-1st Floor","","","DMND0004854",""
"AO005621-CRT","AO005621-SCN","2014397-0034-SCN","2014397-0034-SCN","VIHA-RJH-Royal Jubilee Hospital","","","DMND0004854",""
"AO005562-CRT","AO005562-SCN","2014397-0035-SCN","2014397-0035-SCN","VIHA-CDH-Cowichan District Hospital-Main Building-1st Floor","","1128 (Hallway)","DMND0004854",""
"AO005603-CRT","AO005603-SCN","2014397-0036-SCN","2014397-0036-SCN","VIHA-RJH-Royal Jubilee Hospital-Diagnostic & Treatment-3rd Floor","","","DMND0004854",""
"AO005559-CRT","AO005559-SCN","2014397-0037-SCN","2014397-0037-SCN","VIHA-GVHF-Victoria Hospitals Foundation","","","DMND0004854",""
"AO005574-CRT","AO005574-SCN","2014397-0038-SCN","2014397-0038-SCN","VIHA-VGH-Victoria General Hospital-Main Building-2nd Floor","","","DMND0004854",""
"AO005632-CRT","AO005632-SCN","2014397-0039-SCN","2014397-0039-SCN","VIHA-GVHF-Victoria Hospitals Foundation","","","DMND0004854",""
"AO005551-CRT","AO005551-SCN","2014397-0041-SCN","2014397-0041-SCN","VIHA-GVHF-Victoria Hospitals Foundation","","","DMND0004854",""
"AO005602-CRT","AO005602-SCN","2014397-0043-SCN","2014397-0043-SCN","VIHA-GVHF-Victoria Hospitals Foundation","","","DMND0004854",""
"AO005601-CRT","AO005601-SCN","2014397-0044-SCN","2014397-0044-SCN","VIHA-RJH-Royal Jubilee Hospital-Patient Care Center-5th Floor","","","DMND0004854",""
"AO005577-CRT","AO005577-SCN","2014397-0045-SCN","2014397-0045-SCN","VIHA-RJH-Royal Jubilee Hospital-Diagnostic & Treatment-1st Floor","","","DMND0004854",""
"AO005593-CRT","AO005593-SCN","2014397-0048-SCN","2014397-0048-SCN","VIHA-RJH-Royal Jubilee Hospital-Patient Care Center-4th Floor","","","DMND0004854",""
"AO005637-CRT","AO005637-SCN","2014397-0049-SCN","2014397-0049-SCN","VIHA-RJH-Royal Jubilee Hospital","","","DMND0004854",""
"AO005605-CRT","AO005605-SCN","2014397-0050-SCN","2014397-0050-SCN","VIHA-VGH-Victoria General Hospital-Main Building-1st Floor","","","DMND0004854",""
"AO005665-CRT","AO005665-SCN","2014397-0051-SCN","2014397-0051-SCN","VIHA-CDH-Cowichan District Hospital-Main Building-3rd Floor","","","DMND0004854",""
"AO005639-CRT","AO005639-SCN","2014397-0052-SCN","2014397-0052-SCN","VIHA-VGH-Victoria General Hospital-Main Building-2nd Floor","","","DMND0004854",""
"AO005622-CRT","AO005622-SCN","2014397-0053-SCN","2014397-0053-SCN","VIHA-GVHF-Victoria Hospitals Foundation","","","DMND0004854",""
"AO005641-CRT","AO005641-SCN","2014397-0054-SCN","2014397-0054-SCN","VIHA-RJH-Royal Jubilee Hospital-Patient Care Center-5th Floor","","","DMND0004854",""
"AO005604-CRT","AO005604-SCN","2014397-0059-SCN","2014397-0059-SCN","VIHA-RJH-Royal Jubilee Hospital","","","DMND0004854",""
"AO005626-CRT","AO005626-SCN","2014397-0060-SCN","2014397-0060-SCN","VIHA-RJH-Royal Jubilee Hospital-Diagnostic & Treatment-1st Floor","","","DMND0004854",""
"AO005623-CRT","AO005623-SCN","2014397-0067-SCN","2014397-0067-SCN","VIHA-RJH-Royal Jubilee Hospital-Diagnostic & Treatment-1st Floor","","","DMND0004854",""
"AO005600-CRT","AO005600-SCN","2014397-0068-SCN","2014397-0068-SCN","VIHA-RJH-Royal Jubilee Hospital-Diagnostic & Treatment-1st Floor","","","DMND0004854",""
"AO005595-CRT","AO005595-SCN","2014397-0077-SCN","2014397-0077-SCN","VIHA-RJH-Royal Jubilee Hospital","","","DMND0004854",""
"AO005566-CRT","AO005566-SCN","2014397-0078-SCN","2014397-0078-SCN","VIHA-GVHF-Victoria Hospitals Foundation","","","DMND0004854",""
"AO005597-CRT","AO005597-SCN","2014397-0079-SCN","2014397-0079-SCN","VIHA-RJH-Royal Jubilee Hospital","","","DMND0004854",""
"AO005565-CRT","AO005565-SCN","2014397-0080-SCN","2014397-0080-SCN","VIHA-RJH-Royal Jubilee Hospital-Patient Care Center-5th Floor","","","DMND0004854",""
"AO005583-CRT","AO005583-SCN","2014397-0082-SCN","2014397-0082-SCN","VIHA-RJH-Royal Jubilee Hospital-Adanac Services-1st Floor","","","DMND0004854",""
"AO005617-CRT","AO005617-SCN","2014397-0087-SCN","2014397-0087-SCN","VIHA-RJH-Royal Jubilee Hospital","","","DMND0004854",""
"AO005670-CRT","AO005670-SCN","2014397-0088-SCN","2014397-0088-SCN","VIHA-GVHF-Victoria Hospitals Foundation","","","DMND0004854",""
"AO005654-CRT","AO005654-SCN","2014397-0089-SCN","2014397-0089-SCN","VIHA-VGH-Victoria General Hospital-Main Building-3rd Floor","","","DMND0004854",""
"AO005613-CRT","AO005613-SCN","2014397-0090-SCN","2014397-0090-SCN","VIHA-RJH-Royal Jubilee Hospital-Patient Care Center-2nd Floor","","","DMND0004854",""
"AO005647-CRT","AO005647-SCN","2014441-0006-SCN","2014441-0006-SCN","VIHA-VGH-Victoria General Hospital-Main Building-2nd Floor","","","DMND0004854",""
"AO005569-CRT","AO005569-SCN","2014441-0010-SCN","2014441-0010-SCN","VIHA-RJH-Royal Jubilee Hospital-West Block-1st Floor","","","DMND0004854",""
"AO005547-CRT","AO005547-SCN","2014441-0048-SCN","2014441-0048-SCN","VIHA-VGH-Victoria General Hospital-Main Building-2nd Floor","","","DMND0004854",""
"AO005646-CRT","AO005646-SCN","2014441-0053-SCN","2014441-0053-SCN","VIHA-VGH-Victoria General Hospital-Main Building-2nd Floor","","","DMND0004854",""
"AO005614-CRT","AO005614-SCN","2015092-0012-SCN","2015092-0012-SCN","VIHA-RJH-Royal Jubilee Hospital-Patient Care Center-5th Floor","","","DMND0004854",""
"AO005563-CRT","AO005563-SCN","2015092-0034-SCN","2015092-0034-SCN","VIHA-VGH-Victoria General Hospital-Main Building-2nd Floor","","","DMND0004854",""
"","AO005685-SCN","2022341-0113-SCN","2022341-0113-SCN","VIHA-NRGH-Nanaimo Regional General Hospital","","","DMND0005174",""
"","AO005686-SCN","2022365-0011-SCN","2022365-0011-SCN","VIHA-NRGH-Nanaimo Regional General Hospital","","","DMND0005174",""
"","AO005684-SCN","2022365-0021-SCN","2022365-0021-SCN","VIHA-NRGH-Nanaimo Regional General Hospital","","","DMND0005174",""
"","AO005682-SCN","2022365-0067-SCN","2022365-0067-SCN","VIHA-NRGH-Nanaimo Regional General Hospital","","","DMND0005174",""
"","AO005687-SCN","2022511-0103-SCN","2022511-0103-SCN","VIHA-NRGH-Nanaimo Regional General Hospital","","","DMND0005174",""
"","AO005683-SCN","2022511-0107-SCN","2022511-0107-SCN","VIHA-NRGH-Nanaimo Regional General Hospital","","","DMND0005174",""
"","C002544","C002544","SM1T70W28J","","","","",""
"","C002678","C002678","SM1U59F83R","","","","",""
"","C002680","C002680","SM1U59F78H","","","","",""
"","C004905","C004905","M1U59E34E","","","","",""
"","C004908","C004908","M1U59E36Y","","","","",""
"","C004909","C004909","M1U59C74G","","","","",""
"","C004910","C004910","M1U59E38J","","","","",""
"","C004911","C004911","M1U58R74T","","","","",""
"","C004912","C004912","M1U59E39K","","","","",""
"","C006975","c006975","M1U59E35V","VIHA-NRGH-Nanaimo Regional General Hospital-Main Building-Basement 1","NRGH","n/a","",""
"","C008485","C008485","20199010552874","VIHA-NRGH-Nanaimo Regional General Hospital-Main Building-1st Floor","","","",""
"","C008487","C008487","20200010552687","VIHA-NRGH-Nanaimo Regional General Hospital-Main Building-1st Floor","","","",""
"","C008988","C008988","S20199010553937","VIHA-BAM-Bamfield Health Centre-Main Building-1st Floor","","","",""
"","C009503","C009503","19303010553103","VIHA-RJH-Royal Jubilee Hospital","","WB328","",""
"","C010538","C010538","20340010555413","VIHA-RJH-Royal Jubilee Hospital","","WB328","",""
"","C010539","C010539","20198010557371","VIHA-CDH-Cowichan District Hospital-Main Building-2nd Floor","Main Building","Hallway","",""
"","C010542","C010542","20340010556552","VIHA-CDH-Cowichan District Hospital-Main Building-2nd Floor","Main Building","ASSESMENT RM #2","",""
"","C010546","C010546","20340010556473","VIHA-CDH-Cowichan District Hospital-Main Building-1st Floor","Main Building","OR3","",""
"","C010987","C010987","20198010557302","VIHA-RJH-Royal Jubilee Hospital","","","",""
"","C011006","C011006","17096010501189","VIHA-VGH-Victoria General Hospital","D&T","","",""
"","C011083","C011083","20200010552545","VIHA-RJH-Royal Jubilee Hospital-Diagnostic & Treatment-5th Floor","Diagnostic & Treatment","DT525","",""
"","C011102","C011102","","VIHA-NRGH-Nanaimo Regional General Hospital","Main","","",""
"","C011247","C011247","21084010569142","VIHA-RJH-Royal Jubilee Hospital-Memorial Pavilion-1st Floor","Memorial Pavilion","HW127","",""
"","C011382","C011382","21084010569104","VIHA-RJH-Royal Jubilee Hospital-Memorial Pavilion-1st Floor","Memorial Pavilion","HW127","",""
"","C011446","C011446","21081010566849","VIHA-VGH-Victoria General Hospital","","1125","",""
"","C011448","C011448","21081010566803","VIHA-VGH-Victoria General Hospital","","1125","",""
"","C011454","C011454","21081010566880","VIHA-RJH-Royal Jubilee Hospital-Memorial Pavilion-1st Floor","Memorial Pavilion","HW127","",""
"","C012706","C012706","22277010566771","VIHA-NRGH-Nanaimo Regional General Hospital","Main","","1056213",""
"","C012707","C012707","22277010566836","VIHA-NRGH-Nanaimo Regional General Hospital","Main","","1056213",""
"","C012708","C012708","22277010566830","VIHA-NRGH-Nanaimo Regional General Hospital","Main","","1056213",""
"","C012709","C012709","22277010566844","VIHA-NRGH-Nanaimo Regional General Hospital","Main","","1056213",""
"","C012710","C012710","22277010566838","VIHA-NRGH-Nanaimo Regional General Hospital","Main","","1056213",""
"","C012715","C012715","22277010566814","VIHA-NRGH-Nanaimo Regional General Hospital","Main","","1056201",""
"","C012716","C012716","22277010566884","VIHA-NRGH-Nanaimo Regional General Hospital","Main","","1056201",""
"","C012717","C012717","22277010566843","VIHA-NRGH-Nanaimo Regional General Hospital","Main","","1056203",""
"","C012718","C012718","22277010566796","VIHA-NRGH-Nanaimo Regional General Hospital","Main","","1056203",""
"","C012761","C012761","22317010550679","VIHA-NRGH-Nanaimo Regional General Hospital-Main Building-Basement 1","Main","B004","1076979",""
"","C012828","C012828","23063010553471","VIHA-NRGH-Nanaimo Regional General Hospital-Main Building-2nd Floor","NRGH","","",""
"","C012829","C012829","23063010556497","VIHA-NRGH-Nanaimo Regional General Hospital-Main Building-2nd Floor","NRGH","","",""
"","C012841","C012841","23174010556199","VIHA-CDH-Cowichan District Hospital-Main Building","Main Building","","",""
"","C012903","C012903","24345010667502","VIHA-CDH-Cowichan District Hospital-Main Building-1st Floor","Main Building","G029B","",""
"","C012920","C012920","24150010558404","VIHA-CDH-Cowichan District Hospital-Main Building-1st Floor","Main Building","","",""
"","C012924","C012924","23064010555856","VIHA-CPRC-Cairnsmore Place (CDH)-Main Building-1st Floor","Main Building","","",""
"","C012933","C012933","23064010556881","VIHA-CDH-Cowichan District Hospital-Main Building-1st Floor","Main Building","","",""
"","C012946","C012946","23177010556493","","Main","","",""
"","C012949","C012949","220050-10558584","VIHA-NRGH-Nanaimo Regional General Hospital","Main","","PO 1045148",""
"","C012950","C012950","230050-10556468","VIHA-NRGH-Nanaimo Regional General Hospital","Main","","PO 1045148",""
"","C012951","C012951","230050-10556268","VIHA-NRGH-Nanaimo Regional General Hospital","Main","","PO 1045148",""
"","C012952","C012952","230050-10556230","VIHA-NRGH-Nanaimo Regional General Hospital","Main","","PO 1045148",""
"","C012955","C012955","225050-10558911","VIHA-NRGH-Nanaimo Regional General Hospital","Main","","PO 1045148",""
"","C012956","C012956","230050-10556340","VIHA-NRGH-Nanaimo Regional General Hospital","Main","","PO 1045148",""
"","C012957","C012957","230050-10556360","VIHA-NRGH-Nanaimo Regional General Hospital","Main","","PO 1045148",""
"","C012958","C012958","230050-10664297","VIHA-NRGH-Nanaimo Regional General Hospital","Main","","PO 1045148",""
"","C012959","C012959","230050-05558854","VIHA-NRGH-Nanaimo Regional General Hospital","Main","","PO 1045148",""
"","C012960","C012960","230050-10666418","VIHA-NRGH-Nanaimo Regional General Hospital","Main","","PO 1045148",""
"","C012976","C012976","M1R40A05L","VIHA-CDH-Cowichan District Hospital-Main Building-2nd Floor","main","hallway","",""
"","C012990","C012990","23172010554964","VIHA-NRGH-Nanaimo Regional General Hospital","Main","S2159","1167519",""
"AO001734-CRT","C013004","C013004","23083010558307","VIHA-NRGH-Nanaimo Regional General Hospital-Main Building-Ground Floor","Main","Workspace","",""
"","C013125","C013125","24050010555701","VIHA-NRGH-Nanaimo Regional General Hospital-Main Building-Ground Floor","Main Building","G257","1237094",""
"","C013127","C013127","23172010554802","VIHA-NRGH-Nanaimo Regional General Hospital-Main Building-Ground Floor","Main Building","G257","1237094",""
"","C013128","C013128","24050010555779","VIHA-NRGH-Nanaimo Regional General Hospital-Main Building-Ground Floor","Main Building","G257","1237094",""
"","C013129","C013129","23172010554365","VIHA-NRGH-Nanaimo Regional General Hospital-Main Building-Ground Floor","Main Building","G257","1237094",""
"","C013130","C013130","23172010554666","VIHA-NRGH-Nanaimo Regional General Hospital-Main Building-Ground Floor","Main Building","G257","1237094",""
"","C013131","C013131","24050010555782","VIHA-NRGH-Nanaimo Regional General Hospital-Main Building-Ground Floor","Main Building","G257","1237094",""
"","C013132","C013132","23172010558989","VIHA-NRGH-Nanaimo Regional General Hospital-Main Building-Ground Floor","Main Building","G257","1237094",""
"","C013133","C013133","23172010554912","VIHA-NRGH-Nanaimo Regional General Hospital-Main Building-Ground Floor","Main Building","G257","1237094",""
"","C013134","C013134","23172010554278","VIHA-NRGH-Nanaimo Regional General Hospital-Main Building-Ground Floor","Main Building","G257","1237094",""
"","C013151","C013151","24137010550423","VIHA-NRGH-Nanaimo Regional General Hospital-Main Building-1st Floor","Main Building","","",""
"","C013152","C013152","24137010550946","VIHA-NRGH-Nanaimo Regional General Hospital-Main Building-1st Floor","Main Building","","",""
"","C013187","C013187","23213010561313","VIHA-NRGH-Nanaimo Regional General Hospital-Main Building-4th Floor","Main Building","4004","1202060",""
"","C013194","C013194","24145010560228","VIHA-NRGH-Nanaimo Regional General Hospital-Main Building-2nd Floor","Main Building","","1283541",""
"","C013195","C013195","24125010550344","VIHA-NRGH-Nanaimo Regional General Hospital-Main Building-Basement 1","Main Building","B004","1283542",""
"","C013196","C013196","24125010551406","VIHA-NRGH-Nanaimo Regional General Hospital-Main Building-Basement 1","Main Building","B004","1283542",""
"","C013197","C013197","24167010550341","VIHA-NRGH-Nanaimo Regional General Hospital-Main Building-2nd Floor","Main Building","","1283577",""
"","C013198","C013198","24145010560295","VIHA-NRGH-Nanaimo Regional General Hospital-Main Building-2nd Floor","Main Building","10","1261317",""
"","C013200","C013200","24124010550252","VIHA-OHC-Oceanside Health Centre-Main Building-1st Floor","Main Building","","",""
"","C013215","C013215","24167010550339","VIHA-NRGH-Nanaimo Regional General Hospital-Main Building-Basement 1","Main Building","","",""
"","C013219","C013219","24081010560634","VIHA-NRGH-Nanaimo Regional General Hospital-Main Building-1st Floor","Main Building","","",""
"","C013220","C013220","24081010560742","VIHA-NRGH-Nanaimo Regional General Hospital-Main Building-1st Floor","Main Building","","",""
"","C013221","C013221","24125010550356","VIHA-NRGH-Nanaimo Regional General Hospital-Main Building-1st Floor","Main Building","","",""
"","C013222","C013222","24116010559334","VIHA-NRGH-Nanaimo Regional General Hospital-Main Building-1st Floor","Main Building","","",""
"","C013254","C013254","24244010551904","VIHA-CDH-Cowichan District Hospital-Main Building-1st Floor","Main Building","1018","",""
"","C013255","C013255","24180010555263","VIHA-NRGH-Nanaimo Regional General Hospital-Main Building-Basement 1","Main Building","B004","",""
"","C013256","C013256","24180010555210","VIHA-CDH-Cowichan District Hospital-Main Building","Main Building","BASEMENT","",""
"","C013257","C013257","24180010555618","VIHA-CDH-Cowichan District Hospital-Main Building-1st Floor","Main Building","1018","",""
"","C013258","C013258","24244010551908","VIHA-CDH-Cowichan District Hospital-Main Building-1st Floor","Main Building","1018","",""
"","C013259","C013259","24227010550129","VIHA-CDH-Cowichan District Hospital-Main Building-3rd Floor","Main Building","3 hallway","",""
"","C013260","C013260","20340010553728","VIHA-NRGH-Nanaimo Regional General Hospital-Main Building-Basement 1","Main Building","B004","",""
"","C013261","C013261","24227010550039","VIHA-CDH-Cowichan District Hospital-Main Building-2nd Floor","Main Building","hallway","",""
"","C013262","C013262","20340010553680","VIHA-CDH-Cowichan District Hospital-Main Building-1st Floor","Main Building","OR#2","",""
"","C013264","C013264","24207010562162","VIHA-CDH-Cowichan District Hospital-Main Building-1st Floor","Main Building","1068","",""
"","C013265","C013265","24227010550115","VIHA-CDH-Cowichan District Hospital-Main Building-2nd Floor","Main Building","hallway","",""
"","C013266","C013266","24207010562600","VIHA-CDH-Cowichan District Hospital-Main Building-1st Floor","Main Building","109","",""
"","C013267","C013267","24136010550327","VIHA-CDH-Cowichan District Hospital-Main Building-1st Floor","Main Building","OR#1","",""
"","C013268","C013268","24207010562633","VIHA-CDH-Cowichan District Hospital-Main Building-1st Floor","Main Building","1134","",""
"","C013269","C013269","24227010550232","VIHA-CDH-Cowichan District Hospital-Main Building-1st Floor","Main Building","1134","",""
"","C013270","C013270","24207010562287","VIHA-CDH-Cowichan District Hospital-Main Building-2nd Floor","Main Building","hallway","",""
"","C013271","C013271","24207010562396","VIHA-CDH-Cowichan District Hospital-Main Building","Main Building","OR4","",""
"AO400005-CRT","AO400005-SCN","C013272","24207010551264","VIHA-CDH-Cowichan District Hospital-Main Building-3rd Floor","Main Building","3S (Hallway East)","",""
"","C013273","C013273","24207010562393","VIHA-CDH-Cowichan District Hospital-Main Building","Main Building","PHARMACY","",""
"","C013274","C013274","24227010550215","VIHA-CDH-Cowichan District Hospital-Main Building","Main Building","PHARMACY","",""
"","C013275","C013275","24136010560068","VIHA-CDH-Cowichan District Hospital-Main Building-1st Floor","Main Building","1137","",""
"","C013276","C013276","24136010551806","VIHA-CDH-Cowichan District Hospital-Main Building-2nd Floor","Main Building","HALL","",""
"","C013277","C013277","24207010562399","VIHA-CDH-Cowichan District Hospital-Main Building","Main Building","PHARMACY","",""
"","C013278","C013278","24227010550088","VIHA-CDH-Cowichan District Hospital-Main Building","Main Building","PHARMACY","",""
"","C013279","C013279","24207010562630","VIHA-CDH-Cowichan District Hospital-Main Building-1st Floor","Main Building","109","",""
"AO005066-CRT","AO005066-SCN","C013280","24136010551851","VIHA-CDH-Cowichan District Hospital-Main Building-3rd Floor","Main Building","3S (Hallway East)","",""
"","C013281","C013281","23021010553193","VIHA-CDH-Cowichan District Hospital-Main Building-2nd Floor","Main Building","ASSESMENT RM #1","",""
"","C013286","C013286","24200010565022","VIHA-CDH-Cowichan District Hospital-Main Building","Main Building","","",""
"","C013291","C013291","22005010552081","VIHA-CDH-Cowichan District Hospital-Main Building","Main Building","","",""
"","C013292","C013292","24200010565076","VIHA-CDH-Cowichan District Hospital-Main Building","Main Building","","",""
"","C013395","C013395","24250010554646","VIHA-CNUPCC-Central Nanaimo Urgent Primary Care Centre","","","",""
"","C013396","C013396","24250010554914","VIHA-CNUPCC-Central Nanaimo Urgent Primary Care Centre","","","",""
"","C013397","C013397","24250010554695","VIHA-CNUPCC-Central Nanaimo Urgent Primary Care Centre","","","",""
"","C013449","C013449","HC4000BVZWW","VIHA-LCHC-Ladysmith Community Health Centre","","","",""
"","C013451","C013451","25008010555948","VIHA-NRGH-Nanaimo Regional General Hospital-Main Building-Basement 1","","B041","",""
"","C013452","C013452","25008010556046","VIHA-NRGH-Nanaimo Regional General Hospital-Main Building-Basement 1","","B041","",""
"","C013453","C013453","25008010555929","VIHA-NRGH-Nanaimo Regional General Hospital-Main Building-Basement 1","","B035","",""
"","C013459","C013459","24354010552612","VIHA-NRGH-Nanaimo Regional General Hospital-Main Building-2nd Floor","","","",""
"","C013460","C013460","25008010555919","VIHA-NRGH-Nanaimo Regional General Hospital-Main Building-2nd Floor","","","",""
"","C013461","C013461","24354010552608","VIHA-NRGH-Nanaimo Regional General Hospital-Main Building-2nd Floor","","","",""
"","C013462","C013462","25008010556442","VIHA-NRGH-Nanaimo Regional General Hospital-Main Building-2nd Floor","","","",""
"","C013463","C013463","24271010560021","VIHA-NRGH-Nanaimo Regional General Hospital-Main Building-2nd Floor","","","",""
"","C013469","C013469","24269010551847","VIHA-CDH-Cowichan District Hospital-Main Building-4th Floor","Main Building","","",""
"","C013470","C013470","24269010551793","VIHA-CDH-Cowichan District Hospital-Main Building-4th Floor","Main Building","","",""
"","C013471","C013471","24268010563345","VIHA-CDH-Cowichan District Hospital-Main Building-2nd Floor","Main Building","BR#1","",""
"","C013472","C013472","24269010551717","VIHA-CDH-Cowichan District Hospital-Main Building-4th Floor","Main Building","","",""
"","C013473","C013473","24268010563105","VIHA-CDH-Cowichan District Hospital-Main Building-2nd Floor","Main Building","","",""
"","C013474","C013474","24272010561300","VIHA-CDH-Cowichan District Hospital-Main Building-4th Floor","Main Building","","",""
"","C013475","C013475","24268010551295","VIHA-CDH-Cowichan District Hospital-Main Building-2nd Floor","Main Building","BR#2","",""
"","C013476","C013476","24272010561287","VIHA-CDH-Cowichan District Hospital-Main Building-4th Floor","Main Building","","",""
"","C013477","C013477","24270010561674","VIHA-CDH-Cowichan District Hospital-Main Building-4th Floor","Main Building","","",""
"","C013478","C013478","24269010561712","VIHA-CDH-Cowichan District Hospital-Main Building-4th Floor","Main Building","","",""
"","C013482","C013482","25091010559589","VIHA-NRGH-Nanaimo Regional General Hospital-Main Building-2nd Floor","Main Building","","",""
"","C013483","C013483","25091010559583","VIHA-NRGH-Nanaimo Regional General Hospital-Main Building-2nd Floor","Main Building","","",""
"","C013484","C013484","25091010559520","VIHA-NRGH-Nanaimo Regional General Hospital-Main Building-2nd Floor","Main Building","","",""
"","C013485","C013485","25058010554563","VIHA-NRGH-Nanaimo Regional General Hospital-Main Building-2nd Floor","Main Building","","",""
"","C013486","C013486","25038010558307","VIHA-NRGH-Nanaimo Regional General Hospital-Main Building-2nd Floor","Main Building","17","",""
"","C013487","C013487","25058010554563","VIHA-NRGH-Nanaimo Regional General Hospital-Main Building-2nd Floor","Main Building","17","",""
"","C013532","C013532","25058010554715","VIHA-UPR-Ucluelet Peninsula Road-Community Health Centre-1st Floor","CHC","133","",""
"","C013533","C013533","25031010562015","VIHA-UPR-Ucluelet Peninsula Road-Community Health Centre-1st Floor","CHC","136","",""
"","C013534","C013534","25036010551177","VIHA-UPR-Ucluelet Peninsula Road-Community Health Centre-2nd Floor","CHC","204","",""
"","C015262","C015262","22090010561080","VIHA-VGH-Victoria General Hospital","","","",""
"","C015265","C015265","22111010555034","VIHA-VGH-Victoria General Hospital","","","",""
"","C015266","C015266","22111010555033","VIHA-VGH-Victoria General Hospital","","","",""
"","C015382","C015382","22317010550559","VIHA-ABER-Aberdeen Hospital","","ABS003","",""
"","C015403","C015403","22250010550138","VIHA-ABER-Aberdeen Hospital","","ABS003","PO 1123717",""
"","C015448","C015448","22132010559976","VIHA-RJH-Royal Jubilee Hospital-Diagnostic & Treatment","D&T","DT109","",""
"","C015465","C015465","23172010558753","VIHA-VGA-Victoria Glanford Avenue-Main Building-3rd Floor","Victoria Glanford Avenue","Room #2","",""
"","C015466","C015466","23172010558732","VIHA-VGA-Victoria Glanford Avenue-Main Building-3rd Floor","Victoria Glanford Avenue","Room #2","",""
"","C015467","C015467","23172010559162","VIHA-VGA-Victoria Glanford Avenue-Main Building-3rd Floor","Victoria Glanford Avenue","Room #2","",""
"","C015468","C015468","23172010558726","VIHA-VGA-Victoria Glanford Avenue-Main Building-3rd Floor","Victoria Glanford Avenue","Room #2","",""
"","C015469","C015469","23172010558736","VIHA-VGA-Victoria Glanford Avenue-Main Building-3rd Floor","Victoria Glanford Avenue","Room #2","",""
"","C015470","C015470","23172010558741","VIHA-VGA-Victoria Glanford Avenue-Main Building-3rd Floor","Victoria Glanford Avenue","Room #2","",""
"","C015580","C015580","22005010552537","VIHA-NRGH-Nanaimo Regional General Hospital-Main Building-Basement 1","Main","","",""
"","C015581","C015581","22005010558829","VIHA-NRGH-Nanaimo Regional General Hospital-Main Building-2nd Floor","","","",""
"","C015584","C015584","22005010558653","VIHA-RJH-Royal Jubilee Hospital","","WB328","",""
"","C015589","C015589","22005010558626","VIHA-CDH-Cowichan District Hospital-Main Building-Basement 1","Main Building","","",""
"","C015638","C015638","22005010558569","VIHA-RJH-Royal Jubilee Hospital","","WB328","",""
"","C015687","C015687","22005010558563","VIHA-RJH-Royal Jubilee Hospital","","WB328","",""
"","C015690","C015690","22005010558556","VIHA-RJH-Royal Jubilee Hospital","","WB328","",""
"","C015691","C015691","22005010558413","VIHA-RJH-Royal Jubilee Hospital","","WB328","",""
"","C015711","C015711","22233010551373","VIHA-RJH-Royal Jubilee Hospital","","WB328","",""
"","C015714","C015714","22241010555151","VIHA-RJH-Royal Jubilee Hospital","","WB328","",""
"","C015936","C015936","22241010554979","VIHA-RJH-Royal Jubilee Hospital","","WB328","",""
"","C015937","C015937","22241010559294","VIHA-RJH-Royal Jubilee Hospital","","WB328","",""
"","C015938","C015938","22241010559318","VIHA-RJH-Royal Jubilee Hospital","","WB328","",""
"","C015940","C015940","22241010559308","VIHA-RJH-Royal Jubilee Hospital","","WB328","",""
"","C015954","C015954","22241010555048","VIHA-RJH-Royal Jubilee Hospital","","WB328","",""
"","C015955","C015955","22241010554911","VIHA-RJH-Royal Jubilee Hospital","","WB328","",""
"","C015956","C015956","22241010554910","VIHA-RJH-Royal Jubilee Hospital","","WB328","",""
"","C015957","C015957","22241010555153","VIHA-RJH-Royal Jubilee Hospital","","WB328","",""
"","C015967","C015967","23284010553904","VIHA-RJH-Royal Jubilee Hospital-Diagnostic & Treatment-5th Floor","Diagnostic & Treatment","","",""
"","C015968","C015968","23284010553984","VIHA-RJH-Royal Jubilee Hospital-Diagnostic & Treatment-5th Floor","Diagnostic & Treatment","","",""
"","C015969","C015969","23284010554221","VIHA-RJH-Royal Jubilee Hospital-Diagnostic & Treatment-5th Floor","Diagnostic & Treatment","","",""
"","C015970","C015970","23284010554066","VIHA-RJH-Royal Jubilee Hospital-Diagnostic & Treatment-5th Floor","Diagnostic & Treatment","","",""
"","C015971","C015971","23284010554222","VIHA-RJH-Royal Jubilee Hospital-Diagnostic & Treatment-5th Floor","Diagnostic & Treatment","","",""
"","C015972","C015972","23284010553845","VIHA-RJH-Royal Jubilee Hospital-Diagnostic & Treatment-5th Floor","Diagnostic & Treatment","","",""
"","C015973","C015973","23284010553943","VIHA-RJH-Royal Jubilee Hospital-Diagnostic & Treatment-5th Floor","Diagnostic & Treatment","","",""
"","C015974","C015974","23284010554214","VIHA-RJH-Royal Jubilee Hospital-Diagnostic & Treatment-5th Floor","Diagnostic & Treatment","","",""
"","C015975","C015975","23284010553864","VIHA-RJH-Royal Jubilee Hospital-Diagnostic & Treatment-5th Floor","Diagnostic & Treatment","","",""
"","C015976","C015976","23284010553978","VIHA-RJH-Royal Jubilee Hospital-Diagnostic & Treatment-5th Floor","Diagnostic & Treatment","","",""
"","C016047","C016047","23213010558620","VIHA-RJH-Royal Jubilee Hospital-West Block-3rd Floor","West Block","WB328","",""
"","C016048","C016048","23221010557301","VIHA-RJH-Royal Jubilee Hospital-West Block-3rd Floor","West Block","WB328","",""
"","C016049","C016049","23222010554007","VIHA-RJH-Royal Jubilee Hospital-West Block-3rd Floor","West Block","WB328","",""
"","C016050","C016050","23222010553027","VIHA-RJH-Royal Jubilee Hospital-West Block-3rd Floor","West Block","WB328","",""
"","C016051","C016051","23213010561046","VIHA-RJH-Royal Jubilee Hospital-West Block-3rd Floor","West Block","WB328","",""
"","C016052","C016052","23209010557009","VIHA-RJH-Royal Jubilee Hospital-West Block-3rd Floor","West Block","WB328","",""
"","C016053","C016053","23208010562481","VIHA-RJH-Royal Jubilee Hospital-West Block-3rd Floor","West Block","WB328","",""
"","C016054","C016054","23209010556779","VIHA-RJH-Royal Jubilee Hospital-West Block-3rd Floor","West Block","WB328","",""
"","C016055","C016055","23222010552795","VIHA-RJH-Royal Jubilee Hospital-West Block-3rd Floor","West Block","WB328","",""
"","C016056","C016056","23214010550064","VIHA-RJH-Royal Jubilee Hospital-West Block-3rd Floor","West Block","WB328","",""
"","C016057","C016057","23213010561258","VIHA-RJH-Royal Jubilee Hospital-West Block-3rd Floor","West Block","WB328","",""
"","C016058","C016058","23208010562488","VIHA-RJH-Royal Jubilee Hospital-West Block-3rd Floor","West Block","WB328","",""
"","C016059","C016059","23214010550084","VIHA-RJH-Royal Jubilee Hospital-West Block-3rd Floor","West Block","WB328","",""
"","C016060","C016060","23209010556731","VIHA-RJH-Royal Jubilee Hospital-West Block-3rd Floor","West Block","WB328","",""
"","C016061","C016061","23222010554022","VIHA-RJH-Royal Jubilee Hospital-West Block-3rd Floor","West Block","WB328","",""
"","C016062","C016062","23222010552797","VIHA-RJH-Royal Jubilee Hospital-West Block-3rd Floor","West Block","WB328","",""
"","C016063","C016063","23222010552847","VIHA-RJH-Royal Jubilee Hospital-West Block-3rd Floor","West Block","WB328","",""
"","C016064","C016064","23213010561206","VIHA-RJH-Royal Jubilee Hospital-West Block-3rd Floor","West Block","WB328","",""
"","C016065","C016065","23213010561268","VIHA-RJH-Royal Jubilee Hospital-West Block-3rd Floor","West Block","WB328","",""
"","C016066","C016066","23214010550019","VIHA-RJH-Royal Jubilee Hospital-West Block-3rd Floor","West Block","WB328","",""
"","C016067","C016067","23213010561193","VIHA-RJH-Royal Jubilee Hospital-West Block-3rd Floor","West Block","WB328","",""
"","C016068","C016068","23222010554031","VIHA-RJH-Royal Jubilee Hospital-West Block-3rd Floor","West Block","WB328","",""
"","C016069","C016069","23209010556930","VIHA-RJH-Royal Jubilee Hospital-West Block-3rd Floor","West Block","WB328","",""
"","C016070","C016070","23214010550022","VIHA-RJH-Royal Jubilee Hospital-West Block-3rd Floor","West Block","WB328","",""
"","C016071","C016071","23209010556847","VIHA-RJH-Royal Jubilee Hospital-West Block-3rd Floor","West Block","WB328","",""
"","C016072","C016072","23213010561309","VIHA-RJH-Royal Jubilee Hospital-West Block-3rd Floor","West Block","WB328","",""
"","C016073","C016073","23222010552882","VIHA-RJH-Royal Jubilee Hospital-West Block-3rd Floor","West Block","WB328","",""
"","C016074","C016074","23222010552793","VIHA-RJH-Royal Jubilee Hospital-West Block-3rd Floor","West Block","WB328","",""
"","C016075","C016075","23209010556928","VIHA-RJH-Royal Jubilee Hospital-West Block-3rd Floor","West Block","WB328","",""
"","C016076","C016076","23208010562483","VIHA-RJH-Royal Jubilee Hospital-West Block-3rd Floor","West Block","WB328","",""
"","C016077","C016077","23222010554006","VIHA-RJH-Royal Jubilee Hospital-West Block-3rd Floor","West Block","WB328","",""
"","C016078","C016078","23222010552840","VIHA-RJH-Royal Jubilee Hospital-West Block-3rd Floor","West Block","WB328","",""
"","C016079","C016079","23222010552952","VIHA-RJH-Royal Jubilee Hospital-West Block-3rd Floor","West Block","WB328","",""
"","C016080","C016080","23213010561162","VIHA-RJH-Royal Jubilee Hospital-West Block-3rd Floor","West Block","WB328","",""
"","C016081","C016081","23222010553061","VIHA-RJH-Royal Jubilee Hospital-West Block-3rd Floor","West Block","WB328","",""
"","C016082","C016082","23214010550109","VIHA-RJH-Royal Jubilee Hospital-West Block-3rd Floor","West Block","WB328","",""
"","C016083","C016083","23214010550067","VIHA-RJH-Royal Jubilee Hospital-West Block-3rd Floor","West Block","WB328","",""
"","C016084","C016084","23213010561144","VIHA-RJH-Royal Jubilee Hospital-West Block-3rd Floor","West Block","WB328","",""
"","C016085","C016085","23222010553899","VIHA-RJH-Royal Jubilee Hospital-West Block-3rd Floor","West Block","WB328","",""
"","C016086","C016086","23213010561311","VIHA-RJH-Royal Jubilee Hospital-West Block-3rd Floor","West Block","WB328","",""
"","C016087","C016087","23214010550045","VIHA-RJH-Royal Jubilee Hospital-West Block-3rd Floor","West Block","WB328","",""
"","C016088","C016088","23208010562489","VIHA-RJH-Royal Jubilee Hospital-West Block-3rd Floor","West Block","WB328","",""
"","C016089","C016089","23222010552885","VIHA-RJH-Royal Jubilee Hospital-West Block-3rd Floor","West Block","WB328","",""
"","C016090","C016090","23222010554037","VIHA-RJH-Royal Jubilee Hospital-West Block-3rd Floor","West Block","WB328","",""
"","C016091","C016091","23213010561257","VIHA-RJH-Royal Jubilee Hospital-West Block-3rd Floor","West Block","WB328","",""
"","C016162","C016162","23021010553275","VIHA-CDH-Cowichan District Hospital-Main Building-Basement 1","Main Building","","",""
"","C016164","C016164","23021010551143","VIHA-CDH-Cowichan District Hospital-Main Building-1st Floor","Main Building","OR#3","",""
"","C016277","C016277","23072010552222","VIHA-RJH-Royal Jubilee Hospital","West Block","WB328","",""
"","C016278","C016278","23021010554925","VIHA-RJH-Royal Jubilee Hospital","West Block","WB328","",""
"","C016279","C016279","23021010551239","VIHA-CDH-Cowichan District Hospital-Main Building-2nd Floor","MAIN","HALL","",""
"","C016280","C016280","23021010551280","VIHA-RJH-Royal Jubilee Hospital","West Block","WB328","",""
"","C016281","C016281","22357010550936","VIHA-RJH-Royal Jubilee Hospital","West Block","WB328","",""
"","C016282","C016282","22317010550636","VIHA-RJH-Royal Jubilee Hospital","West Block","WB328","",""
"","C016283","C016283","23021010553264","VIHA-RJH-Royal Jubilee Hospital","West Block","WB328","",""
"","C016285","C016285","23013010550955","VIHA-RJH-Royal Jubilee Hospital","West Block","WB328","",""
"","C016286","C016286","23021010553146","VIHA-RJH-Royal Jubilee Hospital","West Block","WB328","",""
"","C016326","C016326","23013010555752","VIHA-RJH-Royal Jubilee Hospital","West Block","WB328","",""
"","C016327","C016327","23013010555747","VIHA-RJH-Royal Jubilee Hospital","West Block","WB328","",""
"","C016328","C016328","23013010550848","VIHA-NRGH-Nanaimo Regional General Hospital-Main Building-1st Floor","Main","1055","",""
"","C016329","C016329","23004010552046","VIHA-RJH-Royal Jubilee Hospital","West Block","WB328","",""
"","C016330","C016330","23013010555646","VIHA-RJH-Royal Jubilee Hospital","West Block","WB328","",""
"","C016331","C016331","23072010552205","VIHA-RJH-Royal Jubilee Hospital","West Block","WB328","",""
"","C016332","C016332","23013010556043","VIHA-RJH-Royal Jubilee Hospital","West Block","WB328","",""
"","C016333","C016333","23013010555702","VIHA-RJH-Royal Jubilee Hospital","West Block","WB328","",""
"","C016334","C016334","23021010551218","VIHA-RJH-Royal Jubilee Hospital","West Block","WB328","",""
"","C016335","C016335","23072010552038","VIHA-RJH-Royal Jubilee Hospital","West Block","WB328","",""
"","C016336","C016336","23021010553241","VIHA-RJH-Royal Jubilee Hospital","West Block","WB328","",""
"","C016337","C016337","23013010555698","VIHA-RJH-Royal Jubilee Hospital","West Block","WB328","",""
"","C016338","C016338","23021010554759","VIHA-RJH-Royal Jubilee Hospital","West Block","WB328","",""
"","C016339","C016339","23013010555644","VIHA-RJH-Royal Jubilee Hospital","West Block","WB328","",""
"","C016340","C016340","23013010550876","VIHA-RJH-Royal Jubilee Hospital","West Block","WB328","",""
"","C016341","C016341","23013010555731","VIHA-RJH-Royal Jubilee Hospital","West Block","WB328","",""
"","C016342","C016342","23013010555739","VIHA-RJH-Royal Jubilee Hospital","West Block","WB328","",""
"","C016343","C016343","23021010551320","VIHA-RJH-Royal Jubilee Hospital","West Block","WB328","",""
"","C016344","C016344","23013010555670","VIHA-RJH-Royal Jubilee Hospital","West Block","WB328","",""
"","C016345","C016345","22318010559570","VIHA-RJH-Royal Jubilee Hospital","West Block","WB328","",""
"","C016346","C016346","23021010551067","VIHA-RJH-Royal Jubilee Hospital","West Block","WB328","",""
"","C016347","C016347","23013010556006","VIHA-RJH-Royal Jubilee Hospital","West Block","WB328","",""
"","C016348","C016348","23021010553276","VIHA-RJH-Royal Jubilee Hospital","West Block","WB328","",""
"","C016349","C016349","23021010553165","VIHA-RJH-Royal Jubilee Hospital","West Block","WB328","",""
"","C016350","C016350","23021010551270","VIHA-RJH-Royal Jubilee Hospital","West Block","WB328","",""
"","C016351","C016351","23021010551328","VIHA-RJH-Royal Jubilee Hospital","West Block","WB328","",""
"","C016352","C016352","23021010553273","VIHA-RJH-Royal Jubilee Hospital","West Block","WB328","",""
"","C016353","C016353","23013010555729","VIHA-RJH-Royal Jubilee Hospital","West Block","WB328","",""
"","C016354","C016354","23021010553307","VIHA-RJH-Royal Jubilee Hospital","West Block","WB328","",""
"","C016355","C016355","22357010550959","VIHA-RJH-Royal Jubilee Hospital","West Block","WB328","",""
"","C016356","C016356","23021010551356","VIHA-RJH-Royal Jubilee Hospital","West Block","WB328","",""
"","C016357","C016357","23021010553260","VIHA-RJH-Royal Jubilee Hospital","West Block","WB328","",""
"","C016358","C016358","23021010551345","VIHA-RJH-Royal Jubilee Hospital","West Block","WB328","",""
"","C016359","C016359","23021010551237","VIHA-RJH-Royal Jubilee Hospital","West Block","WB328","",""
"","C016360","C016360","23013010556059","VIHA-RJH-Royal Jubilee Hospital","West Block","WB328","",""
"","C016361","C016361","23021010551216","VIHA-RJH-Royal Jubilee Hospital","West Block","WB328","",""
"","C016362","C016362","23021010551221","VIHA-RJH-Royal Jubilee Hospital","West Block","WB328","",""
"","C016363","C016363","23021010553262","VIHA-RJH-Royal Jubilee Hospital","West Block","WB328","",""
"","C016364","C016364","23013010555812","VIHA-RJH-Royal Jubilee Hospital","West Block","WB328","",""
"","C016365","C016365","23021010554893","VIHA-RJH-Royal Jubilee Hospital","West Block","WB328","",""
"","C016366","C016366","23013010555707","VIHA-RJH-Royal Jubilee Hospital","West Block","WB328","",""
"","C016367","C016367","23021010553301","VIHA-RJH-Royal Jubilee Hospital","West Block","WB328","",""
"","C016368","C016368","23072010550451","VIHA-RJH-Royal Jubilee Hospital","West Block","WB328","",""
"","C016369","C016369","23021010551329","VIHA-RJH-Royal Jubilee Hospital","West Block","WB328","",""
"","C016370","C016370","23069010556467","VIHA-NRGH-Nanaimo Regional General Hospital-Main Building-1st Floor","Main","1055","",""
"","C016371","C016371","23013010550945","VIHA-RJH-Royal Jubilee Hospital","West Block","WB328","",""
"","C016372","C016372","23013010550805","VIHA-RJH-Royal Jubilee Hospital","West Block","WB328","",""
"","C016373","C016373","23021010553139","VIHA-RJH-Royal Jubilee Hospital","West Block","WB328","",""
"","C016374","C016374","23013010550820","VIHA-RJH-Royal Jubilee Hospital","West Block","WB328","",""
"","C016375","C016375","23021010553180","VIHA-RJH-Royal Jubilee Hospital","West Block","WB328","",""
"","C016376","C016376","23021010551286","VIHA-RJH-Royal Jubilee Hospital","West Block","WB328","",""
"","C016673","C016673","23064010556881","VIHA-CDH-Cowichan District Hospital-Main Building-1st Floor","Main Building","","",""
"","C016725","C016725","23072010552040","VIHA-CDH-Cowichan District Hospital-Main Building-2nd Floor","Main Building","BIRTHING RM#3","",""
"","C016728","C016728","23222010554344","VIHA-VSQV-Victoria Summit Quadra Village-Main Building-1st Floor","Main Building","TS1309","",""
"","C016729","C016729","23224010551601","VIHA-VSQV-Victoria Summit Quadra Village-Main Building-1st Floor","Main Building","TS1309","",""
"","C016730","C016730","23226010555443","VIHA-VSQV-Victoria Summit Quadra Village-Main Building-1st Floor","Main Building","TS1309","",""
"","C016731","C016731","23226010555060","VIHA-VSQV-Victoria Summit Quadra Village-Main Building-1st Floor","Main Building","TS1309","",""
"","C016732","C016732","23224010551698","VIHA-VSQV-Victoria Summit Quadra Village-Main Building-1st Floor","Main Building","TS1309","",""
"","C016733","C016733","23201010561731","VIHA-VSQV-Victoria Summit Quadra Village-Main Building-1st Floor","Main Building","TS1309","",""
"","C016923","C016923","24123010550458","VIHA-CDH-Cowichan District Hospital-Main Building-1st Floor","Main Building","","",""
"","C016927","C016927","24108010568298","VIHA-CDH-Cowichan District Hospital-Main Building-1st Floor","Main Building","","",""
"","C016979","C016979","24108010558312","VIHA-CDH-Cowichan District Hospital-Main Building-1st Floor","Main Building","","",""
"AO005589-CRT","AO005589-SCN","C017052","TEMPVIHA015-SCN","VIHA-RJH-Royal Jubilee Hospital-Diagnostic & Treatment-1st Floor","","Renal Area Pod E","DMND0004854",""
"","C017176","C017176","23285010550652","VIHA-CDH-Cowichan District Hospital-Main Building","Main Building","B004","",""
"","C017372","C017372","22241010554979","VIHA-CDH-Cowichan District Hospital-Main Building-1st Floor","MAIN","","",""
"","C017373","C017373","24207010562179","VIHA-CDH-Cowichan District Hospital-Main Building-1st Floor","MAIN","ED","",""
"","C017374","C017374","24207010562176","VIHA-RJH-Royal Jubilee Hospital-West Block-3rd Floor","West Block","WB328","",""
"","C017375","C017375","24207010562474","VIHA-RJH-Royal Jubilee Hospital-West Block-3rd Floor","West Block","WB328","",""
"","C017376","C017376","24207010562362","VIHA-RJH-Royal Jubilee Hospital-West Block-3rd Floor","West Block","WB328","",""
"","C017377","C017377","24207010562575","VIHA-CDH-Cowichan District Hospital-Main Building-1st Floor","MAIN","","",""
"","C017378","C017378","24207010562161","VIHA-CDH-Cowichan District Hospital-Main Building-1st Floor","MAIN","","",""
"","C017379","C017379","24207010562305","VIHA-CDH-Cowichan District Hospital-Main Building-1st Floor","MAIN","","",""
"AO005662-CRT","AO005662-SCN","C017379","2011734-0103-SCN","VIHA-CDH-Cowichan District Hospital-Main Building-1st Floor","","1128 (Hallway)","DMND0004854",""
"","C017380","C017380","24207010562593","VIHA-CDH-Cowichan District Hospital-Main Building-1st Floor","MAIN","","",""
"","C017381","C017381","24207010562609","VIHA-RJH-Royal Jubilee Hospital-West Block-3rd Floor","West Block","WB328","",""
"","C017382","C017382","24206010550910","VIHA-CDH-Cowichan District Hospital-Main Building-1st Floor","MAIN","","",""
"","C017383","C017383","24170010555513","VIHA-RJH-Royal Jubilee Hospital-West Block-3rd Floor","West Block","WB328","",""
"","C017384","C017384","24207010562606","VIHA-CDH-Cowichan District Hospital-Main Building-1st Floor","MAIN","","",""
"","C017385","C017385","24207010562219","VIHA-RJH-Royal Jubilee Hospital-West Block-3rd Floor","West Block","WB328","",""
"","C017386","C017386","24207010562370","VIHA-RJH-Royal Jubilee Hospital-West Block-3rd Floor","West Block","WB328","",""
"","C017387","C017387","24227010550220","VIHA-RJH-Royal Jubilee Hospital-West Block-3rd Floor","West Block","WB328","",""
"","C017388","C017388","24207010562247","VIHA-RJH-Royal Jubilee Hospital-West Block-3rd Floor","West Block","WB328","",""
"","C017389","C017389","24207010562168","VIHA-RJH-Royal Jubilee Hospital-West Block-3rd Floor","West Block","WB328","",""
"","C017390","C017390","24227010550120","VIHA-RJH-Royal Jubilee Hospital-West Block-3rd Floor","West Block","WB328","",""
"","C017391","C017391","24207010562576","VIHA-RJH-Royal Jubilee Hospital-West Block-3rd Floor","West Block","WB328","",""
"","C017392","C017392","24207010562590","VIHA-RJH-Royal Jubilee Hospital-West Block-3rd Floor","West Block","WB328","",""
"","C017393","C017393","24227010550053","VIHA-RJH-Royal Jubilee Hospital-West Block-3rd Floor","West Block","WB328","",""
"","C017394","C017394","24207010562582","VIHA-RJH-Royal Jubilee Hospital-West Block-3rd Floor","West Block","WB328","",""
"","C017395","C017395","24207010562172","VIHA-RJH-Royal Jubilee Hospital-West Block-3rd Floor","West Block","WB328","",""
"","C017396","C017396","24227010550254","VIHA-RJH-Royal Jubilee Hospital-West Block-3rd Floor","West Block","WB328","",""
"","C017397","C017397","24207010562191","VIHA-RJH-Royal Jubilee Hospital-West Block-3rd Floor","West Block","WB328","",""
"","C017398","C017398","24207010562355","VIHA-RJH-Royal Jubilee Hospital-West Block-3rd Floor","West Block","WB328","",""
"","C017399","C017399","24207010562358","VIHA-RJH-Royal Jubilee Hospital-West Block-3rd Floor","West Block","WB328","",""
"","C017400","C017400","24207010562372","VIHA-RJH-Royal Jubilee Hospital-West Block-3rd Floor","West Block","WB328","",""
"","C017401","C017401","24207010562230","VIHA-RJH-Royal Jubilee Hospital-West Block-3rd Floor","West Block","WB328","",""
"","C017402","C017402","24207010562220","VIHA-RJH-Royal Jubilee Hospital-West Block-3rd Floor","West Block","WB328","",""
"","C017403","C017403","24207010562605","VIHA-RJH-Royal Jubilee Hospital-West Block-3rd Floor","West Block","WB328","",""
"","C017404","C017404","24227010550049","VIHA-RJH-Royal Jubilee Hospital-West Block-3rd Floor","West Block","WB328","",""
"","C017405","C017405","24207010562258","VIHA-RJH-Royal Jubilee Hospital-West Block-3rd Floor","West Block","WB328","",""
"","C017406","C017406","24207010552463","VIHA-RJH-Royal Jubilee Hospital-West Block-3rd Floor","West Block","WB328","",""
"","C017407","C017407","24207010562199","VIHA-RJH-Royal Jubilee Hospital-West Block-3rd Floor","West Block","WB328","",""
"","C017408","C017408","24207010562384","VIHA-RJH-Royal Jubilee Hospital-West Block-3rd Floor","West Block","WB328","",""
"","C017409","C017409","24207010562369","VIHA-RJH-Royal Jubilee Hospital-West Block-3rd Floor","West Block","WB328","",""
"","C017410","C017410","24207010562401","VIHA-RJH-Royal Jubilee Hospital-West Block-3rd Floor","West Block","WB328","",""
"","C017411","C017411","24207010552476","VIHA-RJH-Royal Jubilee Hospital-West Block-3rd Floor","West Block","WB328","",""
"","C017412","C017412","24207010551266","VIHA-RJH-Royal Jubilee Hospital-West Block-3rd Floor","West Block","WB328","",""
"","C017413","C017413","24207010562206","VIHA-RJH-Royal Jubilee Hospital-West Block-3rd Floor","West Block","WB328","",""
"","C017414","C017414","24207010562389","VIHA-RJH-Royal Jubilee Hospital-West Block-3rd Floor","West Block","WB328","",""
"","C017415","C017415","24207010562402","VIHA-RJH-Royal Jubilee Hospital-West Block-3rd Floor","West Block","WB328","",""
"","C017416","C017416","24207010562347","VIHA-RJH-Royal Jubilee Hospital-West Block-3rd Floor","West Block","WB328","",""
"","C017417","C017417","24207010562187","VIHA-RJH-Royal Jubilee Hospital-West Block-3rd Floor","West Block","WB328","",""
"","C017418","C017418","24208010550241","VIHA-RJH-Royal Jubilee Hospital-West Block-3rd Floor","West Block","WB328","",""
"","C017419","C017419","24227010550239","VIHA-RJH-Royal Jubilee Hospital-West Block-3rd Floor","West Block","WB328","",""
"","C017420","C017420","24227010550107","VIHA-RJH-Royal Jubilee Hospital-West Block-3rd Floor","West Block","WB328","",""
"","C017421","C017421","24207010562588","VIHA-RJH-Royal Jubilee Hospital-West Block-3rd Floor","West Block","WB328","",""
"","C017422","C017422","24227010550173","VIHA-RJH-Royal Jubilee Hospital-West Block-3rd Floor","West Block","WB328","",""
"","C017423","C017423","24207010562288","VIHA-RJH-Royal Jubilee Hospital-West Block-3rd Floor","West Block","WB328","",""
"","C017424","C017424","24207010562586","VIHA-CDH-Cowichan District Hospital-Main Building","MAIN","G029B","",""
"","C017425","C017425","24207010551311","VIHA-CDH-Cowichan District Hospital-Main Building-2nd Floor","main","ICU","",""
"","C017426","C017426","24227010550060","VIHA-CDH-Cowichan District Hospital-Main Building-1st Floor","","1069 (OR5)","",""
"","C017427","C017427","24207010562303","VIHA-CDH-Cowichan District Hospital-Main Building-2nd Floor","main","2 central","",""
"","C017428","C017428","24207010562387","VIHA-CDH-Cowichan District Hospital-Main Building","MAIN","G029B","",""
"","C017429","C017429","24207010552465","VIHA-CDH-Cowichan District Hospital-Main Building-1st Floor","main","Med room","",""
"","C017430","C017430","24207010562395","VIHA-CDH-Cowichan District Hospital-Main Building-2nd Floor","main","hallway","",""
"","C017431","C017431","24208010550182","VIHA-CDH-Cowichan District Hospital-Main Building-2nd Floor","MAIN","LDR-OR1","",""
"","C017432","C017432","24207010562400","VIHA-CDH-Cowichan District Hospital-Main Building-2nd Floor","Main Building","HALL","",""
"","C017433","C017433","24207010562266","VIHA-CDH-Cowichan District Hospital-Main Building","MAIN","PHARMACY","",""
"","C017434","C017434","24207010562390","VIHA-CDH-Cowichan District Hospital-Main Building-1st Floor","main","ED","",""
"","C017435","C017435","24207010562601","VIHA-CDH-Cowichan District Hospital-Main Building-2nd Floor","main","2 south hallway","",""
"","C017436","C017436","24207010562281","VIHA-CDH-Cowichan District Hospital-Main Building-1st Floor","main","ED","",""
"","C017437","C017437","24227010550099","VIHA-CDH-Cowichan District Hospital-Main Building-1st Floor","main","ED","",""
"","C017438","C017438","24207010562376","VIHA-RJH-Royal Jubilee Hospital-West Block-3rd Floor","West Block","WB328","",""
"","C017439","C017439","24207010562155","VIHA-CDH-Cowichan District Hospital-Main Building-3rd Floor","Main Building","3S (Hallway East)","",""
"","C017440","C017440","24207010562388","VIHA-CDH-Cowichan District Hospital-Main Building-1st Floor","main","ED","",""
"","C017441","C017441","24207010562386","VIHA-CDH-Cowichan District Hospital-Main Building","MAIN","PHARMACY","",""
"","C017442","C017442","24207010562397","VIHA-RJH-Royal Jubilee Hospital-West Block-3rd Floor","West Block","WB328","",""
"","C017443","C017443","24207010562313","VIHA-RJH-Royal Jubilee Hospital-West Block-3rd Floor","West Block","WB328","",""
"","C017444","C017444","24207010562398","VIHA-RJH-Royal Jubilee Hospital-West Block-3rd Floor","West Block","WB328","",""
"","C017445","C017445","24207010562284","VIHA-RJH-Royal Jubilee Hospital-West Block-3rd Floor","West Block","WB328","",""
"","C017446","C017446","24207010552466","VIHA-RJH-Royal Jubilee Hospital-West Block-3rd Floor","West Block","WB328","",""
"","C017447","C017447","24207010562610","VIHA-RJH-Royal Jubilee Hospital-West Block-3rd Floor","West Block","WB328","",""
"","C017448","C017448","24207010562293","VIHA-CDH-Cowichan District Hospital-Main Building-2nd Floor","main","","",""
"","C017449","C017449","24227010550124","VIHA-CDH-Cowichan District Hospital-Main Building-2nd Floor","MAIN","BIRTH ROOM #2","",""
"","C017450","C017450","24207010562381","VIHA-RJH-Royal Jubilee Hospital-West Block-3rd Floor","West Block","WB328","",""
"","C017451","C017451","24207010562368","VIHA-RJH-Royal Jubilee Hospital-West Block-3rd Floor","West Block","WB328","",""
"","C017452","C017452","24227010550222","VIHA-RJH-Royal Jubilee Hospital-West Block-3rd Floor","West Block","WB328","",""
"","C017453","C017453","24207010562361","VIHA-RJH-Royal Jubilee Hospital-West Block-3rd Floor","West Block","WB328","",""
"","C017454","C017454","24227010550121","VIHA-RJH-Royal Jubilee Hospital-West Block-3rd Floor","West Block","WB328","",""
"","C017455","C017455","24227010550086","VIHA-RJH-Royal Jubilee Hospital-West Block-3rd Floor","West Block","WB328","",""
"","C017490","C017490","23072010550303","VIHA-RJH-Royal Jubilee Hospital-Diagnostic & Treatment-3rd Floor","Diagnostic & Treatment","","",""
"","C017491","C017491","23069010556477","VIHA-RJH-Royal Jubilee Hospital-Diagnostic & Treatment-3rd Floor","Diagnostic & Treatment","","",""
"","C017492","C017492","23069010556787","VIHA-RJH-Royal Jubilee Hospital-Diagnostic & Treatment-3rd Floor","Diagnostic & Treatment","","",""
"","C017493","C017493","23072010550308","VIHA-RJH-Royal Jubilee Hospital-Diagnostic & Treatment-3rd Floor","Diagnostic & Treatment","","",""
"","C017494","C017494","23069010556484","VIHA-RJH-Royal Jubilee Hospital-Diagnostic & Treatment-3rd Floor","Diagnostic & Treatment","","",""
"","C017495","C017495","23072010550330","VIHA-RJH-Royal Jubilee Hospital-Diagnostic & Treatment-2nd Floor","Diagnostic & Treatment","DT2117","",""
"","C017496","C017496","23072010550335","VIHA-RJH-Royal Jubilee Hospital-Diagnostic & Treatment-2nd Floor","Diagnostic & Treatment","DT2118","",""
"","C017497","C017497","23072010550339","VIHA-RJH-Royal Jubilee Hospital-Diagnostic & Treatment-2nd Floor","Diagnostic & Treatment","DT2119","",""
"","C017617","C017617","20199010558251","VIHA-NRGH-Nanaimo Regional General Hospital-Main Building-1st Floor","","","",""
"","C017618","C017618","20199010553925","VIHA-NRGH-Nanaimo Regional General Hospital-Main Building","","","",""
"","C017619","C017619","20199010553953","VIHA-NRGH-Nanaimo Regional General Hospital-Main Building","","","",""
"","C017620","C017620","20204010557844","VIHA-NRGH-Nanaimo Regional General Hospital-Main Building","","","",""
"","C017622","C017622","20199010553934","VIHA-NRGH-Nanaimo Regional General Hospital-Main Building","","","",""
"","C018428","C018427","20352010552929","VIHA-NRGH-Nanaimo Regional General Hospital-Main Building","","","",""
"","C018427","C018427","20351010560867","VIHA-NRGH-Nanaimo Regional General Hospital-Main Building","","","",""
"","C018458","C018458","m1u59f74r","","","","",""
"","c018459","c018459","m1u59c70a","","","","",""
"","C018461","C018461","M1U58R75M","","","","",""
"","c018462","c018462","m1u59e34c","","","","",""
"","C018463","C018463","m1u59e31a","","","","",""
"","C018464","C018464","m1u59e43f","","","","",""
"","C018465","C018465","m1u59e34d","","","","",""
"","C018466","C018466","m1u59e36l","","","","",""
"","C018467","C018467","m1u59e36j","","","","",""
"","C018473","C018473","M1U58R76K","","","","",""
"","C018474","C018474","M1U58R77F","","","","",""
"","C018475","C018475","M1U59E30B","","","","",""
"","C018476","C018476","M1U59E40D","","","","",""
"","C018477","C018477","M1U59E34J","","","","",""
"","C018478","C018478","M1U59C57C","","","","",""
"","C018479","C018479","M1U59E40T","","","","",""
"","C018480","C018480","M1U59C53P","","","","",""
"","C018481","C018481","M1U59E34L","VIHA-CDH-Cowichan District Hospital-Main Building-3rd Floor","main","hallway","",""
"","C018482","C018482","M1U59C73C","","","","",""
"","C018483","C018483","M1U59E33N","VIHA-CDH-Cowichan District Hospital-Main Building-3rd Floor","main","hallway","",""
"","C018484","C018484","M1U59C70F","","","","",""
"","C018485","C018485","M1U59E35T","","","","",""
"","C018486","C018486","M1U59E32F","","","","",""
"","C018487","C018487","M1U59E37U","","","","",""
"","C018488","C018488","M1U59C72H","","","","",""
"","C018489","C018489","M1U59E38B","","","","",""
"","C018490","C018490","M1U59E37D","","","","",""
"","C018491","C018491","M1U59E35U","","","","",""
"","C018492","C018492","M1U59E41B","","","","",""
"","C018493","C018493","M1U59C72U","","","","",""
"","C018494","C018494","M1U59E36V","","","","",""
"","C018495","C018495","M1U59E36D","","","","",""
"","C018496","C018496","SM1U59F75K","VIHA-CVANCR-Cedar Community Centre: COVID-IMS","","","",""
"","C018497","C018497","SM1U59F85M","VIHA-CVANCR-Cedar Community Centre: COVID-IMS","","","",""
"","C018498","C018498","SM1U59C72J","VIHA-CVANCR-Cedar Community Centre: COVID-IMS","","","",""
"","C018499","C018499","SM1U59E42W","VIHA-CVANCR-Cedar Community Centre: COVID-IMS","","","",""
"","C018500","C018500","SM1U59E40Y","VIHA-CVANCR-Cedar Community Centre: COVID-IMS","","","",""
"","C018501","C018501","SM1U59E35A","VIHA-CVANCR-Cedar Community Centre: COVID-IMS","","","",""
"","C018502","C018502","SM1U59E40B","VIHA-CVANCR-Cedar Community Centre: COVID-IMS","","","",""
"","C018503","C018503","SM1U59C54J","VIHA-CVALFA-Aggie Hall Ladysmith: COVID-IMS","","","",""
"","C018504","C018504","SM1U59E32K","VIHA-CDH-Cowichan District Hospital-Main Building-3rd Floor","main","hallway","",""
"","C018505","C018505","SM1U59E33R","VIHA-CVALFA-Aggie Hall Ladysmith: COVID-IMS","","","",""
"","C018506","C018506","SM1U59E41Y","VIHA-CVALFA-Aggie Hall Ladysmith: COVID-IMS","","","",""
"","C018507","C018507","SM1U59E34T","VIHA-CVALFA-Aggie Hall Ladysmith: COVID-IMS","","","",""
"","C018508","C018508","SM1U59E41C","VIHA-NRGH-Nanaimo Regional General Hospital-Main Building-2nd Floor","Main","","",""
"","C018509","C018509","SM1U59E36N","VIHA-CDH-Cowichan District Hospital-Main Building-2nd Floor","main","hallway","",""
"","C018510","C018510","SM1U59F87H","VIHA-CVALFA-Aggie Hall Ladysmith: COVID-IMS","","","",""
"","C018512","C018512","m1u59e31g","","","","",""
"","C018514","C018514","m1u59e43p","","","","",""
"","C018516","c018516","m1u59e34h","","","","",""
"","C018656","C018656","21057010551319","VIHA-NRGH-Nanaimo Regional General Hospital-Main Building-2nd Floor","Main Building","","",""
"","C018668","C018668","21057010551531","VIHA-NRGH-Nanaimo Regional General Hospital-Main Building-2nd Floor","Main Building","","",""
